hidden_layer,hidden_neuron,aktivasi,lr,epoch,mse,bobot,bias,bobot_output,bias_output
1,"(2,)",tanh,0.0001,100,0.002281238655891336,"[[[np.float64(2.4476253166650412), np.float64(0.6216495446732114)], [np.float64(1.404521387017017), np.float64(0.3683891779589411)], [np.float64(2.0798762010171665), np.float64(0.1227406091613603)], [np.float64(0.941023055428894), np.float64(0.18767291951916715)]]]","[[0.07011003544269512, np.float64(-0.28833069096022335)]]","[np.float64(0.06739818013574604), np.float64(0.888606079185931)]",0.4632157628328146
1,"(2,)",tanh,0.0001,200,0.0023402827932639206,"[[[np.float64(2.4476253166650412), np.float64(0.6216495446732114)], [np.float64(1.404521387017017), np.float64(0.3683891779589411)], [np.float64(2.0798762010171665), np.float64(0.1227406091613603)], [np.float64(0.941023055428894), np.float64(0.18767291951916715)]]]","[[0.07011003544269512, np.float64(-0.28833069096022335)]]","[np.float64(0.06739818013574604), np.float64(0.888606079185931)]",0.46331917706123316
1,"(2,)",tanh,0.0001,100,0.01017575303831655,"[[[np.float64(2.4476253166650412), np.float64(0.6216495446732114)], [np.float64(1.404521387017017), np.float64(0.3683891779589411)], [np.float64(2.0798762010171665), np.float64(0.1227406091613603)], [np.float64(0.941023055428894), np.float64(0.18767291951916715)]]]","[[0.07011003544269512, np.float64(-0.28833069096022335)]]","[np.float64(0.06739818013574604), np.float64(0.888606079185931)]",0.4633195692616082
1,"(2,)",tanh,0.0001,200,0.01032067235015329,"[[[np.float64(2.4476253166650412), np.float64(0.6216495446732114)], [np.float64(1.404521387017017), np.float64(0.3683891779589411)], [np.float64(2.0798762010171665), np.float64(0.1227406091613603)], [np.float64(0.941023055428894), np.float64(0.18767291951916715)]]]","[[0.07011003544269512, np.float64(-0.28833069096022335)]]","[np.float64(0.06739818013574604), np.float64(0.888606079185931)]",0.4633194817388404
1,"(2,)",tanh,0.0001,100,0.09762566828811593,"[[[np.float64(2.4476253166650412), np.float64(0.6216495446732114)], [np.float64(1.404521387017017), np.float64(0.3683891779589411)], [np.float64(2.0798762010171665), np.float64(0.1227406091613603)], [np.float64(0.941023055428894), np.float64(0.18767291951916715)]]]","[[0.07011003544269512, np.float64(-0.28833069096022335)]]","[np.float64(0.06739818013574604), np.float64(0.888606079185931)]",0.4633191873998054
1,"(2,)",tanh,0.0001,200,0.09762566828811593,"[[[np.float64(2.4476253166650412), np.float64(0.6216495446732114)], [np.float64(1.404521387017017), np.float64(0.3683891779589411)], [np.float64(2.0798762010171665), np.float64(0.1227406091613603)], [np.float64(0.941023055428894), np.float64(0.18767291951916715)]]]","[[0.07011003544269512, np.float64(-0.28833069096022335)]]","[np.float64(0.06739818013574604), np.float64(0.888606079185931)]",0.4633191873998054
1,"(2,)",tanh,0.0001,100,0.0028972822854824217,"[[[np.float64(2.4476253166650412), np.float64(0.6216495446732114)], [np.float64(1.404521387017017), np.float64(0.3683891779589411)], [np.float64(2.0798762010171665), np.float64(0.1227406091613603)], [np.float64(0.941023055428894), np.float64(0.18767291951916715)]]]","[[0.07011003544269512, np.float64(-0.28833069096022335)]]","[np.float64(0.06739818013574604), np.float64(0.888606079185931)]",0.4633241300360563
1,"(2,)",tanh,0.0001,200,0.0033967368402367027,"[[[np.float64(2.4476253166650412), np.float64(0.6216495446732114)], [np.float64(1.404521387017017), np.float64(0.3683891779589411)], [np.float64(2.0798762010171665), np.float64(0.1227406091613603)], [np.float64(0.941023055428894), np.float64(0.18767291951916715)]]]","[[0.07011003544269512, np.float64(-0.28833069096022335)]]","[np.float64(0.06739818013574604), np.float64(0.888606079185931)]",0.46331918768666325
1,"(2,)",tanh,0.001,100,0.004312666796343252,"[[[np.float64(2.4476253166650412), np.float64(0.6216495446732114)], [np.float64(1.404521387017017), np.float64(0.3683891779589411)], [np.float64(2.0798762010171665), np.float64(0.1227406091613603)], [np.float64(0.941023055428894), np.float64(0.18767291951916715)]]]","[[0.07011003544269512, np.float64(-0.28833069096022335)]]","[np.float64(0.06739818013574604), np.float64(0.888606079185931)]",0.47003541730710896
1,"(2,)",tanh,0.001,200,0.004257570596041259,"[[[np.float64(2.4476253166650412), np.float64(0.6216495446732114)], [np.float64(1.404521387017017), np.float64(0.3683891779589411)], [np.float64(2.0798762010171665), np.float64(0.1227406091613603)], [np.float64(0.941023055428894), np.float64(0.18767291951916715)]]]","[[0.07011003544269512, np.float64(-0.28833069096022335)]]","[np.float64(0.06739818013574604), np.float64(0.888606079185931)]",0.4633296669481373
1,"(2,)",tanh,0.001,100,0.010080634538993839,"[[[np.float64(2.4476253166650412), np.float64(0.6216495446732114)], [np.float64(1.404521387017017), np.float64(0.3683891779589411)], [np.float64(2.0798762010171665), np.float64(0.1227406091613603)], [np.float64(0.941023055428894), np.float64(0.18767291951916715)]]]","[[0.07011003544269512, np.float64(-0.28833069096022335)]]","[np.float64(0.06739818013574604), np.float64(0.888606079185931)]",0.4642341354381143
1,"(2,)",tanh,0.001,200,0.01058245904112373,"[[[np.float64(2.4476253166650412), np.float64(0.6216495446732114)], [np.float64(1.404521387017017), np.float64(0.3683891779589411)], [np.float64(2.0798762010171665), np.float64(0.1227406091613603)], [np.float64(0.941023055428894), np.float64(0.18767291951916715)]]]","[[0.07011003544269512, np.float64(-0.28833069096022335)]]","[np.float64(0.06739818013574604), np.float64(0.888606079185931)]",0.4633213874181792
1,"(2,)",tanh,0.001,100,0.09762566828811593,"[[[np.float64(2.4476253166650412), np.float64(0.6216495446732114)], [np.float64(1.404521387017017), np.float64(0.3683891779589411)], [np.float64(2.0798762010171665), np.float64(0.1227406091613603)], [np.float64(0.941023055428894), np.float64(0.18767291951916715)]]]","[[0.07011003544269512, np.float64(-0.28833069096022335)]]","[np.float64(0.06739818013574604), np.float64(0.888606079185931)]",0.4633191873998054
1,"(2,)",tanh,0.001,200,0.09762566828811593,"[[[np.float64(2.4476253166650412), np.float64(0.6216495446732114)], [np.float64(1.404521387017017), np.float64(0.3683891779589411)], [np.float64(2.0798762010171665), np.float64(0.1227406091613603)], [np.float64(0.941023055428894), np.float64(0.18767291951916715)]]]","[[0.07011003544269512, np.float64(-0.28833069096022335)]]","[np.float64(0.06739818013574604), np.float64(0.888606079185931)]",0.4633191873998054
1,"(2,)",tanh,0.001,100,0.0034494550915144208,"[[[np.float64(2.4476253166650412), np.float64(0.6216495446732114)], [np.float64(1.404521387017017), np.float64(0.3683891779589411)], [np.float64(2.0798762010171665), np.float64(0.1227406091613603)], [np.float64(0.941023055428894), np.float64(0.18767291951916715)]]]","[[0.07011003544269512, np.float64(-0.28833069096022335)]]","[np.float64(0.06739818013574604), np.float64(0.888606079185931)]",0.4633200009456478
1,"(2,)",tanh,0.001,200,0.003517138378487427,"[[[np.float64(2.4476253166650412), np.float64(0.6216495446732114)], [np.float64(1.404521387017017), np.float64(0.3683891779589411)], [np.float64(2.0798762010171665), np.float64(0.1227406091613603)], [np.float64(0.941023055428894), np.float64(0.18767291951916715)]]]","[[0.07011003544269512, np.float64(-0.28833069096022335)]]","[np.float64(0.06739818013574604), np.float64(0.888606079185931)]",0.4633191875248509
1,"(3,)",tanh,0.0001,100,0.011864536804810748,"[[[np.float64(1.2837001322993356), np.float64(-0.8440484337502404), np.float64(3.034863803920472)], [np.float64(1.2837226771474404), np.float64(-0.4911515463618612), np.float64(2.4689836683437147)], [np.float64(1.5898207591361775), np.float64(-0.8777460506900416), np.float64(2.850664027991984)], [np.float64(0.3565529082611072), np.float64(0.008710706841593635), np.float64(1.2722964020593754)]]]","[[0.9726397579685353, 0.5432159048234017, np.float64(3.5698928949101)]]","[np.float64(0.04152359046354763), np.float64(0.9069943125198563), np.float64(0.9960723299342674)]",0.5950690785527205
1,"(3,)",tanh,0.0001,200,0.010179037934551416,"[[[np.float64(1.2837001322993356), np.float64(-0.8440484337502404), np.float64(3.034863803920472)], [np.float64(1.2837226771474404), np.float64(-0.4911515463618612), np.float64(2.4689836683437147)], [np.float64(1.5898207591361775), np.float64(-0.8777460506900416), np.float64(2.850664027991984)], [np.float64(0.3565529082611072), np.float64(0.008710706841593635), np.float64(1.2722964020593754)]]]","[[0.9726397579685353, 0.5432159048234017, np.float64(3.5698928949101)]]","[np.float64(0.04152359046354763), np.float64(0.9069943125198563), np.float64(0.9960723299342674)]",0.5959038981522148
1,"(3,)",tanh,0.0001,100,0.01379715442522221,"[[[np.float64(1.2837001322993356), np.float64(-0.8440484337502404), np.float64(3.034863803920472)], [np.float64(1.2837226771474404), np.float64(-0.4911515463618612), np.float64(2.4689836683437147)], [np.float64(1.5898207591361775), np.float64(-0.8777460506900416), np.float64(2.850664027991984)], [np.float64(0.3565529082611072), np.float64(0.008710706841593635), np.float64(1.2722964020593754)]]]","[[0.9726397579685353, 0.5432159048234017, np.float64(3.5698928949101)]]","[np.float64(0.04152359046354763), np.float64(0.9069943125198563), np.float64(0.9960723299342674)]",0.5944836528549959
1,"(3,)",tanh,0.0001,200,0.013965558398068572,"[[[np.float64(1.2837001322993356), np.float64(-0.8440484337502404), np.float64(3.034863803920472)], [np.float64(1.2837226771474404), np.float64(-0.4911515463618612), np.float64(2.4689836683437147)], [np.float64(1.5898207591361775), np.float64(-0.8777460506900416), np.float64(2.850664027991984)], [np.float64(0.3565529082611072), np.float64(0.008710706841593635), np.float64(1.2722964020593754)]]]","[[0.9726397579685353, 0.5432159048234017, np.float64(3.5698928949101)]]","[np.float64(0.04152359046354763), np.float64(0.9069943125198563), np.float64(0.9960723299342674)]",0.5944835758991948
1,"(3,)",tanh,0.0001,100,0.09762566828811593,"[[[np.float64(1.2837001322993356), np.float64(-0.8440484337502404), np.float64(3.034863803920472)], [np.float64(1.2837226771474404), np.float64(-0.4911515463618612), np.float64(2.4689836683437147)], [np.float64(1.5898207591361775), np.float64(-0.8777460506900416), np.float64(2.850664027991984)], [np.float64(0.3565529082611072), np.float64(0.008710706841593635), np.float64(1.2722964020593754)]]]","[[0.9726397579685353, 0.5432159048234017, np.float64(3.5698928949101)]]","[np.float64(0.04152359046354763), np.float64(0.9069943125198563), np.float64(0.9960723299342674)]",0.5944833630590562
1,"(3,)",tanh,0.0001,200,0.09762566828811593,"[[[np.float64(1.2837001322993356), np.float64(-0.8440484337502404), np.float64(3.034863803920472)], [np.float64(1.2837226771474404), np.float64(-0.4911515463618612), np.float64(2.4689836683437147)], [np.float64(1.5898207591361775), np.float64(-0.8777460506900416), np.float64(2.850664027991984)], [np.float64(0.3565529082611072), np.float64(0.008710706841593635), np.float64(1.2722964020593754)]]]","[[0.9726397579685353, 0.5432159048234017, np.float64(3.5698928949101)]]","[np.float64(0.04152359046354763), np.float64(0.9069943125198563), np.float64(0.9960723299342674)]",0.5944833630590562
1,"(3,)",tanh,0.0001,100,0.005252695727686776,"[[[np.float64(1.2837001322993356), np.float64(-0.8440484337502404), np.float64(3.034863803920472)], [np.float64(1.2837226771474404), np.float64(-0.4911515463618612), np.float64(2.4689836683437147)], [np.float64(1.5898207591361775), np.float64(-0.8777460506900416), np.float64(2.850664027991984)], [np.float64(0.3565529082611072), np.float64(0.008710706841593635), np.float64(1.2722964020593754)]]]","[[0.9726397579685353, 0.5432159048234017, np.float64(3.5698928949101)]]","[np.float64(0.04152359046354763), np.float64(0.9069943125198563), np.float64(0.9960723299342674)]",0.5947017052718185
1,"(3,)",tanh,0.0001,200,0.005509494759478811,"[[[np.float64(1.2837001322993356), np.float64(-0.8440484337502404), np.float64(3.034863803920472)], [np.float64(1.2837226771474404), np.float64(-0.4911515463618612), np.float64(2.4689836683437147)], [np.float64(1.5898207591361775), np.float64(-0.8777460506900416), np.float64(2.850664027991984)], [np.float64(0.3565529082611072), np.float64(0.008710706841593635), np.float64(1.2722964020593754)]]]","[[0.9726397579685353, 0.5432159048234017, np.float64(3.5698928949101)]]","[np.float64(0.04152359046354763), np.float64(0.9069943125198563), np.float64(0.9960723299342674)]",0.5944833688192478
1,"(3,)",tanh,0.001,100,0.008736312009917516,"[[[np.float64(1.2837001322993356), np.float64(-0.8440484337502404), np.float64(3.034863803920472)], [np.float64(1.2837226771474404), np.float64(-0.4911515463618612), np.float64(2.4689836683437147)], [np.float64(1.5898207591361775), np.float64(-0.8777460506900416), np.float64(2.850664027991984)], [np.float64(0.3565529082611072), np.float64(0.008710706841593635), np.float64(1.2722964020593754)]]]","[[0.9726397579685353, 0.5432159048234017, np.float64(3.5698928949101)]]","[np.float64(0.04152359046354763), np.float64(0.9069943125198563), np.float64(0.9960723299342674)]",0.5960016681231558
1,"(3,)",tanh,0.001,200,0.009085772136993547,"[[[np.float64(1.2837001322993356), np.float64(-0.8440484337502404), np.float64(3.034863803920472)], [np.float64(1.2837226771474404), np.float64(-0.4911515463618612), np.float64(2.4689836683437147)], [np.float64(1.5898207591361775), np.float64(-0.8777460506900416), np.float64(2.850664027991984)], [np.float64(0.3565529082611072), np.float64(0.008710706841593635), np.float64(1.2722964020593754)]]]","[[0.9726397579685353, 0.5432159048234017, np.float64(3.5698928949101)]]","[np.float64(0.04152359046354763), np.float64(0.9069943125198563), np.float64(0.9960723299342674)]",0.5944924295948127
1,"(3,)",tanh,0.001,100,0.013905610878207318,"[[[np.float64(1.2837001322993356), np.float64(-0.8440484337502404), np.float64(3.034863803920472)], [np.float64(1.2837226771474404), np.float64(-0.4911515463618612), np.float64(2.4689836683437147)], [np.float64(1.5898207591361775), np.float64(-0.8777460506900416), np.float64(2.850664027991984)], [np.float64(0.3565529082611072), np.float64(0.008710706841593635), np.float64(1.2722964020593754)]]]","[[0.9726397579685353, 0.5432159048234017, np.float64(3.5698928949101)]]","[np.float64(0.04152359046354763), np.float64(0.9069943125198563), np.float64(0.9960723299342674)]",0.5943843953423211
1,"(3,)",tanh,0.001,200,0.013874214992035117,"[[[np.float64(1.2837001322993356), np.float64(-0.8440484337502404), np.float64(3.034863803920472)], [np.float64(1.2837226771474404), np.float64(-0.4911515463618612), np.float64(2.4689836683437147)], [np.float64(1.5898207591361775), np.float64(-0.8777460506900416), np.float64(2.850664027991984)], [np.float64(0.3565529082611072), np.float64(0.008710706841593635), np.float64(1.2722964020593754)]]]","[[0.9726397579685353, 0.5432159048234017, np.float64(3.5698928949101)]]","[np.float64(0.04152359046354763), np.float64(0.9069943125198563), np.float64(0.9960723299342674)]",0.5944806783702784
1,"(3,)",tanh,0.001,100,0.09762566828811593,"[[[np.float64(1.2837001322993356), np.float64(-0.8440484337502404), np.float64(3.034863803920472)], [np.float64(1.2837226771474404), np.float64(-0.4911515463618612), np.float64(2.4689836683437147)], [np.float64(1.5898207591361775), np.float64(-0.8777460506900416), np.float64(2.850664027991984)], [np.float64(0.3565529082611072), np.float64(0.008710706841593635), np.float64(1.2722964020593754)]]]","[[0.9726397579685353, 0.5432159048234017, np.float64(3.5698928949101)]]","[np.float64(0.04152359046354763), np.float64(0.9069943125198563), np.float64(0.9960723299342674)]",0.5944833630590562
1,"(3,)",tanh,0.001,200,0.09762566828811593,"[[[np.float64(1.2837001322993356), np.float64(-0.8440484337502404), np.float64(3.034863803920472)], [np.float64(1.2837226771474404), np.float64(-0.4911515463618612), np.float64(2.4689836683437147)], [np.float64(1.5898207591361775), np.float64(-0.8777460506900416), np.float64(2.850664027991984)], [np.float64(0.3565529082611072), np.float64(0.008710706841593635), np.float64(1.2722964020593754)]]]","[[0.9726397579685353, 0.5432159048234017, np.float64(3.5698928949101)]]","[np.float64(0.04152359046354763), np.float64(0.9069943125198563), np.float64(0.9960723299342674)]",0.5944833630590562
1,"(3,)",tanh,0.001,100,0.023005782877596588,"[[[np.float64(1.2837001322993356), np.float64(-0.8440484337502404), np.float64(3.034863803920472)], [np.float64(1.2837226771474404), np.float64(-0.4911515463618612), np.float64(2.4689836683437147)], [np.float64(1.5898207591361775), np.float64(-0.8777460506900416), np.float64(2.850664027991984)], [np.float64(0.3565529082611072), np.float64(0.008710706841593635), np.float64(1.2722964020593754)]]]","[[0.9726397579685353, 0.5432159048234017, np.float64(3.5698928949101)]]","[np.float64(0.04152359046354763), np.float64(0.9069943125198563), np.float64(0.9960723299342674)]",0.5952452192644477
1,"(3,)",tanh,0.001,200,0.02298467070596702,"[[[np.float64(1.2837001322993356), np.float64(-0.8440484337502404), np.float64(3.034863803920472)], [np.float64(1.2837226771474404), np.float64(-0.4911515463618612), np.float64(2.4689836683437147)], [np.float64(1.5898207591361775), np.float64(-0.8777460506900416), np.float64(2.850664027991984)], [np.float64(0.3565529082611072), np.float64(0.008710706841593635), np.float64(1.2722964020593754)]]]","[[0.9726397579685353, 0.5432159048234017, np.float64(3.5698928949101)]]","[np.float64(0.04152359046354763), np.float64(0.9069943125198563), np.float64(0.9960723299342674)]",0.5944835634013123
1,"(4,)",tanh,0.0001,100,0.01623359098156769,"[[[np.float64(-0.4346269338946233), np.float64(-0.4095080635199221), np.float64(0.06275879820324448), np.float64(-0.16759855269408822)], [np.float64(-0.049289587427226805), np.float64(0.2953732179121513), np.float64(-0.03449938636996638), np.float64(0.030111737607787934)], [np.float64(0.07556718762970466), np.float64(-0.027620515410991142), np.float64(-0.3986843078157689), np.float64(-0.19635749999757857)], [np.float64(0.5912333715802528), np.float64(0.0666358300649585), np.float64(0.39372103672249564), np.float64(0.6822356949024764)]]]","[[0.9372426697578025, 0.5529345365749644, 0.5722529456471137, np.float64(0.2903247374386986)]]","[np.float64(0.5440162970658844), np.float64(0.7388393208958559), np.float64(0.34229457269183305), np.float64(0.2322099546859644)]",0.035502286105506674
1,"(4,)",tanh,0.0001,200,0.016300540321979598,"[[[np.float64(-0.4346269338946233), np.float64(-0.4095080635199221), np.float64(0.06275879820324448), np.float64(-0.16759855269408822)], [np.float64(-0.049289587427226805), np.float64(0.2953732179121513), np.float64(-0.03449938636996638), np.float64(0.030111737607787934)], [np.float64(0.07556718762970466), np.float64(-0.027620515410991142), np.float64(-0.3986843078157689), np.float64(-0.19635749999757857)], [np.float64(0.5912333715802528), np.float64(0.0666358300649585), np.float64(0.39372103672249564), np.float64(0.6822356949024764)]]]","[[0.9372426697578025, 0.5529345365749644, 0.5722529456471137, np.float64(0.2903247374386986)]]","[np.float64(0.5440162970658844), np.float64(0.7388393208958559), np.float64(0.34229457269183305), np.float64(0.2322099546859644)]",0.03587333867270453
1,"(4,)",tanh,0.0001,100,0.01325961747564795,"[[[np.float64(-0.4346269338946233), np.float64(-0.4095080635199221), np.float64(0.06275879820324448), np.float64(-0.16759855269408822)], [np.float64(-0.049289587427226805), np.float64(0.2953732179121513), np.float64(-0.03449938636996638), np.float64(0.030111737607787934)], [np.float64(0.07556718762970466), np.float64(-0.027620515410991142), np.float64(-0.3986843078157689), np.float64(-0.19635749999757857)], [np.float64(0.5912333715802528), np.float64(0.0666358300649585), np.float64(0.39372103672249564), np.float64(0.6822356949024764)]]]","[[0.9372426697578025, 0.5529345365749644, 0.5722529456471137, np.float64(0.2903247374386986)]]","[np.float64(0.5440162970658844), np.float64(0.7388393208958559), np.float64(0.34229457269183305), np.float64(0.2322099546859644)]",0.035863782366157906
1,"(4,)",tanh,0.0001,200,0.013189207123643824,"[[[np.float64(-0.4346269338946233), np.float64(-0.4095080635199221), np.float64(0.06275879820324448), np.float64(-0.16759855269408822)], [np.float64(-0.049289587427226805), np.float64(0.2953732179121513), np.float64(-0.03449938636996638), np.float64(0.030111737607787934)], [np.float64(0.07556718762970466), np.float64(-0.027620515410991142), np.float64(-0.3986843078157689), np.float64(-0.19635749999757857)], [np.float64(0.5912333715802528), np.float64(0.0666358300649585), np.float64(0.39372103672249564), np.float64(0.6822356949024764)]]]","[[0.9372426697578025, 0.5529345365749644, 0.5722529456471137, np.float64(0.2903247374386986)]]","[np.float64(0.5440162970658844), np.float64(0.7388393208958559), np.float64(0.34229457269183305), np.float64(0.2322099546859644)]",0.03585874644323741
1,"(4,)",tanh,0.0001,100,0.09762566828811593,"[[[np.float64(-0.4346269338946233), np.float64(-0.4095080635199221), np.float64(0.06275879820324448), np.float64(-0.16759855269408822)], [np.float64(-0.049289587427226805), np.float64(0.2953732179121513), np.float64(-0.03449938636996638), np.float64(0.030111737607787934)], [np.float64(0.07556718762970466), np.float64(-0.027620515410991142), np.float64(-0.3986843078157689), np.float64(-0.19635749999757857)], [np.float64(0.5912333715802528), np.float64(0.0666358300649585), np.float64(0.39372103672249564), np.float64(0.6822356949024764)]]]","[[0.9372426697578025, 0.5529345365749644, 0.5722529456471137, np.float64(0.2903247374386986)]]","[np.float64(0.5440162970658844), np.float64(0.7388393208958559), np.float64(0.34229457269183305), np.float64(0.2322099546859644)]",0.03587337588323203
1,"(4,)",tanh,0.0001,200,0.09762566828811593,"[[[np.float64(-0.4346269338946233), np.float64(-0.4095080635199221), np.float64(0.06275879820324448), np.float64(-0.16759855269408822)], [np.float64(-0.049289587427226805), np.float64(0.2953732179121513), np.float64(-0.03449938636996638), np.float64(0.030111737607787934)], [np.float64(0.07556718762970466), np.float64(-0.027620515410991142), np.float64(-0.3986843078157689), np.float64(-0.19635749999757857)], [np.float64(0.5912333715802528), np.float64(0.0666358300649585), np.float64(0.39372103672249564), np.float64(0.6822356949024764)]]]","[[0.9372426697578025, 0.5529345365749644, 0.5722529456471137, np.float64(0.2903247374386986)]]","[np.float64(0.5440162970658844), np.float64(0.7388393208958559), np.float64(0.34229457269183305), np.float64(0.2322099546859644)]",0.03587337588323203
1,"(4,)",tanh,0.0001,100,0.01060615176218487,"[[[np.float64(-0.4346269338946233), np.float64(-0.4095080635199221), np.float64(0.06275879820324448), np.float64(-0.16759855269408822)], [np.float64(-0.049289587427226805), np.float64(0.2953732179121513), np.float64(-0.03449938636996638), np.float64(0.030111737607787934)], [np.float64(0.07556718762970466), np.float64(-0.027620515410991142), np.float64(-0.3986843078157689), np.float64(-0.19635749999757857)], [np.float64(0.5912333715802528), np.float64(0.0666358300649585), np.float64(0.39372103672249564), np.float64(0.6822356949024764)]]]","[[0.9372426697578025, 0.5529345365749644, 0.5722529456471137, np.float64(0.2903247374386986)]]","[np.float64(0.5440162970658844), np.float64(0.7388393208958559), np.float64(0.34229457269183305), np.float64(0.2322099546859644)]",0.035943160518872766
1,"(4,)",tanh,0.0001,200,0.010871204317468948,"[[[np.float64(-0.4346269338946233), np.float64(-0.4095080635199221), np.float64(0.06275879820324448), np.float64(-0.16759855269408822)], [np.float64(-0.049289587427226805), np.float64(0.2953732179121513), np.float64(-0.03449938636996638), np.float64(0.030111737607787934)], [np.float64(0.07556718762970466), np.float64(-0.027620515410991142), np.float64(-0.3986843078157689), np.float64(-0.19635749999757857)], [np.float64(0.5912333715802528), np.float64(0.0666358300649585), np.float64(0.39372103672249564), np.float64(0.6822356949024764)]]]","[[0.9372426697578025, 0.5529345365749644, 0.5722529456471137, np.float64(0.2903247374386986)]]","[np.float64(0.5440162970658844), np.float64(0.7388393208958559), np.float64(0.34229457269183305), np.float64(0.2322099546859644)]",0.03587337787668014
1,"(4,)",tanh,0.001,100,0.19032022554431127,"[[[np.float64(-0.4346269338946233), np.float64(-0.4095080635199221), np.float64(0.06275879820324448), np.float64(-0.16759855269408822)], [np.float64(-0.049289587427226805), np.float64(0.2953732179121513), np.float64(-0.03449938636996638), np.float64(0.030111737607787934)], [np.float64(0.07556718762970466), np.float64(-0.027620515410991142), np.float64(-0.3986843078157689), np.float64(-0.19635749999757857)], [np.float64(0.5912333715802528), np.float64(0.0666358300649585), np.float64(0.39372103672249564), np.float64(0.6822356949024764)]]]","[[0.9372426697578025, 0.5529345365749644, 0.5722529456471137, np.float64(0.2903247374386986)]]","[np.float64(0.5440162970658844), np.float64(0.7388393208958559), np.float64(0.34229457269183305), np.float64(0.2322099546859644)]",0.03545186496018617
1,"(4,)",tanh,0.001,200,0.30397927940274305,"[[[np.float64(-0.4346269338946233), np.float64(-0.4095080635199221), np.float64(0.06275879820324448), np.float64(-0.16759855269408822)], [np.float64(-0.049289587427226805), np.float64(0.2953732179121513), np.float64(-0.03449938636996638), np.float64(0.030111737607787934)], [np.float64(0.07556718762970466), np.float64(-0.027620515410991142), np.float64(-0.3986843078157689), np.float64(-0.19635749999757857)], [np.float64(0.5912333715802528), np.float64(0.0666358300649585), np.float64(0.39372103672249564), np.float64(0.6822356949024764)]]]","[[0.9372426697578025, 0.5529345365749644, 0.5722529456471137, np.float64(0.2903247374386986)]]","[np.float64(0.5440162970658844), np.float64(0.7388393208958559), np.float64(0.34229457269183305), np.float64(0.2322099546859644)]",0.1651301522417681
1,"(4,)",tanh,0.001,100,0.012414238141813517,"[[[np.float64(-0.4346269338946233), np.float64(-0.4095080635199221), np.float64(0.06275879820324448), np.float64(-0.16759855269408822)], [np.float64(-0.049289587427226805), np.float64(0.2953732179121513), np.float64(-0.03449938636996638), np.float64(0.030111737607787934)], [np.float64(0.07556718762970466), np.float64(-0.027620515410991142), np.float64(-0.3986843078157689), np.float64(-0.19635749999757857)], [np.float64(0.5912333715802528), np.float64(0.0666358300649585), np.float64(0.39372103672249564), np.float64(0.6822356949024764)]]]","[[0.9372426697578025, 0.5529345365749644, 0.5722529456471137, np.float64(0.2903247374386986)]]","[np.float64(0.5440162970658844), np.float64(0.7388393208958559), np.float64(0.34229457269183305), np.float64(0.2322099546859644)]",0.03703507314257366
1,"(4,)",tanh,0.001,200,0.012492006725915612,"[[[np.float64(-0.4346269338946233), np.float64(-0.4095080635199221), np.float64(0.06275879820324448), np.float64(-0.16759855269408822)], [np.float64(-0.049289587427226805), np.float64(0.2953732179121513), np.float64(-0.03449938636996638), np.float64(0.030111737607787934)], [np.float64(0.07556718762970466), np.float64(-0.027620515410991142), np.float64(-0.3986843078157689), np.float64(-0.19635749999757857)], [np.float64(0.5912333715802528), np.float64(0.0666358300649585), np.float64(0.39372103672249564), np.float64(0.6822356949024764)]]]","[[0.9372426697578025, 0.5529345365749644, 0.5722529456471137, np.float64(0.2903247374386986)]]","[np.float64(0.5440162970658844), np.float64(0.7388393208958559), np.float64(0.34229457269183305), np.float64(0.2322099546859644)]",0.03587702985411907
1,"(4,)",tanh,0.001,100,0.09762566828811593,"[[[np.float64(-0.4346269338946233), np.float64(-0.4095080635199221), np.float64(0.06275879820324448), np.float64(-0.16759855269408822)], [np.float64(-0.049289587427226805), np.float64(0.2953732179121513), np.float64(-0.03449938636996638), np.float64(0.030111737607787934)], [np.float64(0.07556718762970466), np.float64(-0.027620515410991142), np.float64(-0.3986843078157689), np.float64(-0.19635749999757857)], [np.float64(0.5912333715802528), np.float64(0.0666358300649585), np.float64(0.39372103672249564), np.float64(0.6822356949024764)]]]","[[0.9372426697578025, 0.5529345365749644, 0.5722529456471137, np.float64(0.2903247374386986)]]","[np.float64(0.5440162970658844), np.float64(0.7388393208958559), np.float64(0.34229457269183305), np.float64(0.2322099546859644)]",0.03587337588323203
1,"(4,)",tanh,0.001,200,0.09762566828811593,"[[[np.float64(-0.4346269338946233), np.float64(-0.4095080635199221), np.float64(0.06275879820324448), np.float64(-0.16759855269408822)], [np.float64(-0.049289587427226805), np.float64(0.2953732179121513), np.float64(-0.03449938636996638), np.float64(0.030111737607787934)], [np.float64(0.07556718762970466), np.float64(-0.027620515410991142), np.float64(-0.3986843078157689), np.float64(-0.19635749999757857)], [np.float64(0.5912333715802528), np.float64(0.0666358300649585), np.float64(0.39372103672249564), np.float64(0.6822356949024764)]]]","[[0.9372426697578025, 0.5529345365749644, 0.5722529456471137, np.float64(0.2903247374386986)]]","[np.float64(0.5440162970658844), np.float64(0.7388393208958559), np.float64(0.34229457269183305), np.float64(0.2322099546859644)]",0.03587337588323203
1,"(4,)",tanh,0.001,100,0.010333358167063298,"[[[np.float64(-0.4346269338946233), np.float64(-0.4095080635199221), np.float64(0.06275879820324448), np.float64(-0.16759855269408822)], [np.float64(-0.049289587427226805), np.float64(0.2953732179121513), np.float64(-0.03449938636996638), np.float64(0.030111737607787934)], [np.float64(0.07556718762970466), np.float64(-0.027620515410991142), np.float64(-0.3986843078157689), np.float64(-0.19635749999757857)], [np.float64(0.5912333715802528), np.float64(0.0666358300649585), np.float64(0.39372103672249564), np.float64(0.6822356949024764)]]]","[[0.9372426697578025, 0.5529345365749644, 0.5722529456471137, np.float64(0.2903247374386986)]]","[np.float64(0.5440162970658844), np.float64(0.7388393208958559), np.float64(0.34229457269183305), np.float64(0.2322099546859644)]",0.035860850641890034
1,"(4,)",tanh,0.001,200,0.010398532025972698,"[[[np.float64(-0.4346269338946233), np.float64(-0.4095080635199221), np.float64(0.06275879820324448), np.float64(-0.16759855269408822)], [np.float64(-0.049289587427226805), np.float64(0.2953732179121513), np.float64(-0.03449938636996638), np.float64(0.030111737607787934)], [np.float64(0.07556718762970466), np.float64(-0.027620515410991142), np.float64(-0.3986843078157689), np.float64(-0.19635749999757857)], [np.float64(0.5912333715802528), np.float64(0.0666358300649585), np.float64(0.39372103672249564), np.float64(0.6822356949024764)]]]","[[0.9372426697578025, 0.5529345365749644, 0.5722529456471137, np.float64(0.2903247374386986)]]","[np.float64(0.5440162970658844), np.float64(0.7388393208958559), np.float64(0.34229457269183305), np.float64(0.2322099546859644)]",0.035873373467808
